Transaction Hash,Status,Method,Blockno,DateTime (UTC),From,From_Nametag,To,To_Nametag,Amount,Value (USD),Txn Fee
"0xd7123742a2468081008e99075948c50bdb21c35885e9773514689a18f07c79a2","Success","Transfer","266871284","2026-05-09 19:45:38","0x9a1252959eB64953BACF631767340120E9726811","","0x843914e5BBdbE92296F2c3D895D424301b3517fC","","0.00002808 ETH","-","0.00000042"
"0xf6f71caf87d15a40fe4ec241288659e782a2fbbedae7c3478bbe1e2ba3340b4a","Success","Transfer","266871165","2026-05-09 19:45:02","0x843914e5BBdbE92296F2c3D895D424301b3517fC","","0x9a1252959eB64953BACF631767340120E9726811","","0.00004498 ETH","-","0.00000042"
"0x8db4fc166c2e107632168f24ca5281a5d0ee7154f9b836d3c560b902c3406fd6","Success","Spend","266871156","2026-05-09 19:45:00","0x843914e5BBdbE92296F2c3D895D424301b3517fC","","0x1b45Da2D95ad8180D60616b668F44AC8dc457504","","0 ETH","-","0.00001523"
"0x63494bf952b7415fb3f889117419e08ce03cb093768675cd760105d649a59133","Success","Transfer","265407372","2026-05-04 16:39:00","0x648EFCFb4A30dBaF81263d627aF9371DC846501e","","0x843914e5BBdbE92296F2c3D895D424301b3517fC","","0.00015972 ETH","-","0.00000042"
"0x6492308f46c942b08446c0eedb87f837b13a1292f4e9c0a850d41e8ae9b31783","Success","Transfer","265407316","2026-05-04 16:38:31","0x843914e5BBdbE92296F2c3D895D424301b3517fC","","0x648EFCFb4A30dBaF81263d627aF9371DC846501e","","0.0001984 ETH","-","0.00000042"
"0xa6bf047b1078cb501e47b521b0d0118e2c312993d3875b4e2c52f96bdd8ae321","Success","Transfer","265407276","2026-05-04 16:38:12","0x843914e5BBdbE92296F2c3D895D424301b3517fC","","0x648EFCFb4A30dBaF81263d627aF9371DC846501e","","0.00001215 ETH","-","0.00000042"
"0x7e18a0fb8f6004ce0027191869edf18d93151eb887bb8fd5852ee9ca09e79d6a","Success","Transfer","265406695","2026-05-04 16:34:25","0xC93e6211Ba9801D30D0Ff1c0756b37e7E7FDb9dc","","0x843914e5BBdbE92296F2c3D895D424301b3517fC","","0.00013643 ETH","-","0.00000042"
"0x43cafbd49dc4d4ef630ae6a5d5a5a0cef68f3d7c607ab3bf8f973fc69acc870e","Success","Transfer","265406610","2026-05-04 16:33:50","0x843914e5BBdbE92296F2c3D895D424301b3517fC","","0xC93e6211Ba9801D30D0Ff1c0756b37e7E7FDb9dc","","0.00015166 ETH","-","0.00000042"
"0x19c362bf47e500516c86dabc6f9cb082e9a700b550c06cfd9bd7fb4e485a4c99","Success","Transfer","265406555","2026-05-04 16:33:37","0x843914e5BBdbE92296F2c3D895D424301b3517fC","","0xC93e6211Ba9801D30D0Ff1c0756b37e7E7FDb9dc","","0.00004506 ETH","-","0.00000042"
"0xbeb31e795f31f6d0734afcd1d6a4669b4ba6c41eb269da100e230984537b1c07","Success","Spend","265406542","2026-05-04 16:33:33","0x843914e5BBdbE92296F2c3D895D424301b3517fC","","0x1b45Da2D95ad8180D60616b668F44AC8dc457504","","0 ETH","-","0.00001521"
"0x2514cbcf14ef94e3abf6e11c7ecbebeda0e3cb58df3932ac7105ac5ba6d4a8fa","Success","Transfer","265405927","2026-05-04 16:29:27","0xf8B2C356283371F004639677F1a59e4025a60e76","","0x843914e5BBdbE92296F2c3D895D424301b3517fC","","0.00002819 ETH","-","0.00000042"
"0xeb4840a9aee6d299f51cc43044419e3301fb562a02b50e8de695c614a15df9b6","Success","Transfer","265405823","2026-05-04 16:28:45","0x843914e5BBdbE92296F2c3D895D424301b3517fC","","0xf8B2C356283371F004639677F1a59e4025a60e76","","0.0000451 ETH","-","0.00000042"
"0xc3832901d2cff1906e535ced9f4b133c1fd3148b363dc122105f70a31c7ed6c1","Success","Spend","265405816","2026-05-04 16:28:42","0x843914e5BBdbE92296F2c3D895D424301b3517fC","","0x1b45Da2D95ad8180D60616b668F44AC8dc457504","","0 ETH","-","0.00001521"
"0x16b5f8c440965d5deda8946ff25e33d46794d4768b653ac6e74f422069e03c9c","Success","Transfer","265405325","2026-05-04 16:25:32","0xB6a5274843EF0B9040711646405C72514A0c21Fb","","0x843914e5BBdbE92296F2c3D895D424301b3517fC","","0.00003052 ETH","-","0.00000042"
"0x928bb137492a382742c4bc21010b1b62a8cc6414724e4318cab11157ac3777a2","Success","Transfer","265405281","2026-05-04 16:25:18","0x843914e5BBdbE92296F2c3D895D424301b3517fC","","0xB6a5274843EF0B9040711646405C72514A0c21Fb","","0.00004498 ETH","-","0.00000042"
"0x9378a0c24a65e3dac626a7bb79ca5dd9f333ed15f12515c2e9022fec1481b614","Success","Spend","265405275","2026-05-04 16:25:15","0x843914e5BBdbE92296F2c3D895D424301b3517fC","","0x1b45Da2D95ad8180D60616b668F44AC8dc457504","","0 ETH","-","0.00001521"
"0x04d6ab36015d18a96439356e75ac83ba9ac97d2c4476bfee0e9794fdffdb9d38","Success","Transfer","265404911","2026-05-04 16:22:37","0x2fAeb4F9f7e731a286ba32531CAb20104b69033D","","0x843914e5BBdbE92296F2c3D895D424301b3517fC","","0.00000387 ETH","-","0.00000042"
"0x5ae656d82373c9431eb762ee78a653755b5480ca5ae3b9ae39e9737d5b51ad9c","Success","Private Sweep To Ledger","265404905","2026-05-04 16:22:34","0x843914e5BBdbE92296F2c3D895D424301b3517fC","","0x0fb0CC4eedfA2f93729cD16Cd2F553A617e56D5A","","0 ETH","-","0.00001274"
"0x0fa85694e3a9d53595ce8fdaa5a35dc0e7330e25e97cad24524ed344cbea0163","Success","Transfer","265404879","2026-05-04 16:22:25","0x843914e5BBdbE92296F2c3D895D424301b3517fC","","0x2fAeb4F9f7e731a286ba32531CAb20104b69033D","","0.00000552 ETH","-","0.00000042"
"0x6e0861d1ee9b09a1552fbea0c4fe2376cb3b3f800a2a8fd14c901f81339edb42","Success","Handle Ops","265403851","2026-05-04 16:16:10","0x843914e5BBdbE92296F2c3D895D424301b3517fC","","0x4337084D9E255Ff0702461CF8895CE9E3b5Ff108","","0 ETH","-","0.00000668"
"0x67283dd89cc52d0aabd48ceb15357e14c83cae3ef41df53045093743087469b2","Success","0x4404ebf5","265239292","2026-05-04 00:52:24","0x843914e5BBdbE92296F2c3D895D424301b3517fC","","0x90638B32b20e7BeDdb5AEFD745bF7a86b78a5A78","","0 ETH","-","0.00001477"
"0x75bdcb9838c0d86065c5f5393663cfd7b41cae2959311622dfc147063c5feacc","Success","Transfer","265239287","2026-05-04 00:52:22","0x2737fcA113Cf57DD555a872768674084a20CFCef","","0x843914e5BBdbE92296F2c3D895D424301b3517fC","","0.00011137 ETH","-","0.00000049"
"0x86090b1bc04c7afdc18f498b54fc93c8f2ade96e342dc12640ba35a2718a560b","Success","Transfer","265239226","2026-05-04 00:51:58","0x843914e5BBdbE92296F2c3D895D424301b3517fC","","0x2737fcA113Cf57DD555a872768674084a20CFCef","","0.0001013 ETH","-","0.0000005"
"0xf4a4a13c545b68fd76dbd13f0111a043d7b01148c299848a7a814f27d1cffcbe","Success","Transfer","265237912","2026-05-04 00:41:57","0x843914e5BBdbE92296F2c3D895D424301b3517fC","","0x2737fcA113Cf57DD555a872768674084a20CFCef","","0.00000409 ETH","-","0.00000053"
"0xeacd09cfe0e6c812d302715a16bf6df7a80ded2d8a9d4a117a34493799e9d089","Success","Transfer","265237167","2026-05-04 00:36:08","0x843914e5BBdbE92296F2c3D895D424301b3517fC","","0x2737fcA113Cf57DD555a872768674084a20CFCef","","0.00001805 ETH","-","0.00000054"